"titulo","texto","autor","fecha","reacciones"
"Announcing Angular v20","The past couple of years have been transformative for Angular, as we’ve unleashed major advancements like reactivity with Signals and the…","{""link"":""https://miro.medium.com/v2/resize:fill:40:40/1*PC5hsShK0vnUFfFVoWjMNg.jpeg"",""nombre"":""""}","2d agoA clap icon1.6KA response icon20","{""likes"":0,""comentarios"":0}"
"Build AI-Powered Apps With Genkit and Angular","There has never been a better time to start building with AI and the state-of-the-art models available to developers everywhere. Building…","{""link"":""https://miro.medium.com/v2/resize:fill:40:40/1*jlg3PXZ6PYdUGy40tXybKw.gif"",""nombre"":""""}","Mar 17A clap icon208A response icon6","{""likes"":0,""comentarios"":0}"
"Seamless data fetching with httpResource","Fantastic new APIs are coming to Angular. Two years ago, we proposed making Angular a reactive web framework powered by signals. Since…","{""link"":""https://miro.medium.com/v2/resize:fill:40:40/0*AlVzEVl10P09VRZx.jpg"",""nombre"":""""}","Mar 7A clap icon547A response icon8","{""likes"":0,""comentarios"":0}"
"Angular 19.2 Is Now Available","And we’re back with Angular’s latest minor release, version 19.2, bringing new APIs and experimental features to empower developers on…","{""link"":""https://miro.medium.com/v2/resize:fill:40:40/1*jlg3PXZ6PYdUGy40tXybKw.gif"",""nombre"":""""}","Mar 5A clap icon533A response icon12","{""likes"":0,""comentarios"":0}"
"Micro Frontends with Angular and Native Federation","Enterprise-scale software systems are often implemented by several cross-functional teams. To enable such teams to provide new features…","{""link"":""https://miro.medium.com/v2/resize:fill:40:40/0*ie_F70F4bb0alhdm"",""nombre"":""""}","Feb 10A clap icon617A response icon11","{""likes"":0,""comentarios"":0}"
"Angular 2025 Strategy","For the past two and a half years, we’ve been laser focused on improving developer experience and performance for all Angular developers…","{""link"":""https://miro.medium.com/v2/resize:fill:40:40/1*PC5hsShK0vnUFfFVoWjMNg.jpeg"",""nombre"":""""}","Jan 13A clap icon1.4KA response icon26","{""likes"":0,""comentarios"":0}"
"Try Out the New Signal Input Migrations","Authors: Paul Gschwendtner Mark Thompson","{""link"":""https://miro.medium.com/v2/resize:fill:40:40/1*jlg3PXZ6PYdUGy40tXybKw.gif"",""nombre"":""""}","Jan 9A clap icon355A response icon2","{""likes"":0,""comentarios"":0}"
"Meet Angular v19","In the past two years we doubled down on our investment in developer experience and performance — in every single release we’ve been…","{""link"":""https://miro.medium.com/v2/resize:fill:40:40/1*PC5hsShK0vnUFfFVoWjMNg.jpeg"",""nombre"":""""}","Nov 19, 2024A clap icon3.7KA response icon59","{""likes"":0,""comentarios"":0}"
"Angular v19 Release: Join the Watch Parties!","The Angular v19 release is just around the corner, and developers around the world are gearing up to celebrate.","{""link"":""https://miro.medium.com/v2/resize:fill:40:40/1*jlg3PXZ6PYdUGy40tXybKw.gif"",""nombre"":""""}","Nov 14, 2024A clap icon266A response icon3","{""likes"":0,""comentarios"":0}"
"Latest updates to effect() in Angular","Authors: Alex Rickabaugh Mark Thompson","{""link"":""https://miro.medium.com/v2/resize:fill:40:40/1*jlg3PXZ6PYdUGy40tXybKw.gif"",""nombre"":""""}","Oct 7, 2024A clap icon635A response icon1","{""likes"":0,""comentarios"":0}"
"The future is standalone!","Angular v19 will make standalone: true the default for components, directives, and pipes.","{""link"":""https://miro.medium.com/v2/resize:fill:20:20/1*yNCBVxf7m7JX0QAJQBEEAA.jpeg"",""nombre"":""""}","Sep 3, 2024A clap icon1.4KA response icon9","{""likes"":0,""comentarios"":0}"
"Using isolatedModules in Angular 18.2","Authors: Mark Thompson Charles Lyding","{""link"":""https://miro.medium.com/v2/resize:fill:20:20/1*jlg3PXZ6PYdUGy40tXybKw.gif"",""nombre"":""""}","Aug 19, 2024A clap icon573A response icon4","{""likes"":0,""comentarios"":0}"
"The Future of Material Support in Angular","Authors: Mark Thompson Jeremy Elbourn","{""link"":""https://miro.medium.com/v2/resize:fill:20:20/1*jlg3PXZ6PYdUGy40tXybKw.gif"",""nombre"":""""}","Jul 19, 2024A clap icon625A response icon10","{""likes"":0,""comentarios"":0}"
"Immerse Yourself in Generative Art: An Angular WebXR Adventure","If you missed the Google I/O Angular session, you missed not only the latest updates on Angular but also the Generative Art Gallery demo…","{""link"":""https://miro.medium.com/v2/resize:fill:20:20/1*_OCcPkqMCGKIn1l0_1Eu2A.jpeg"",""nombre"":""""}","Jul 16, 2024A clap icon134A response icon2","{""likes"":0,""comentarios"":0}"
"Introducing @let in Angular","Authors: Mark Thompson, Kristiyan Kostadinov","{""link"":""https://miro.medium.com/v2/resize:fill:20:20/1*jlg3PXZ6PYdUGy40tXybKw.gif"",""nombre"":""""}","Jul 10, 2024A clap icon1KA response icon18","{""likes"":0,""comentarios"":0}"
"Angular v18 is now available!","Today we are excited to share the next milestone in the evolution of Angular! Over the past three releases we’ve introduced a lot of new…","{""link"":""https://miro.medium.com/v2/resize:fill:20:20/1*PC5hsShK0vnUFfFVoWjMNg.jpeg"",""nombre"":""""}","May 22, 2024A clap icon5.3KA response icon36","{""likes"":0,""comentarios"":0}"
"Event Dispatch in Angular","Authors: Jatin Ramanathan, Tom Wilkinson","{""link"":""https://miro.medium.com/v2/resize:fill:20:20/1*jlg3PXZ6PYdUGy40tXybKw.gif"",""nombre"":""""}","Apr 22, 2024A clap icon453A response icon4","{""likes"":0,""comentarios"":0}"
"Angular and Wiz Are Better Together","Authors: Jatin Ramanathan, Minko Gechev","{""link"":""https://miro.medium.com/v2/resize:fill:20:20/1*jlg3PXZ6PYdUGy40tXybKw.gif"",""nombre"":""""}","Mar 29, 2024A clap icon1.5KA response icon13","{""likes"":0,""comentarios"":0}"
"Meet Angular’s new output() API","Angular v17.3 introduces the improved API for declaring outputs as a developer preview.","{""link"":""https://miro.medium.com/v2/resize:fill:20:20/1*Tfro-yWzkmOgRGboztdEYA.jpeg"",""nombre"":""""}","Mar 27, 2024A clap icon778A response icon9","{""likes"":0,""comentarios"":0}"
"Angular with NativeScript: Creating the Blackout Lighting Console","Lighting consoles are electronic devices used in theatrical lighting design to control multiple stage lights at once. Traditionally…","{""link"":""https://miro.medium.com/v2/resize:fill:20:20/1*v1sQabUPZ9Yj5PWqrNf5_A.jpeg"",""nombre"":""""}","Mar 18, 2024A clap icon579A response icon2","{""likes"":0,""comentarios"":0}"
"Signal inputs available in developer preview","The new inputs provide developers with new ways that:","{""link"":""https://miro.medium.com/v2/resize:fill:20:20/1*Tfro-yWzkmOgRGboztdEYA.jpeg"",""nombre"":""""}","Feb 22, 2024A clap icon789A response icon14","{""likes"":0,""comentarios"":0}"
"Angular v17.2 is now available","We rarely write blog posts about minor releases, but today we have a few surprises for you — experimental support for Material 3, signal…","{""link"":""https://miro.medium.com/v2/resize:fill:20:20/1*PC5hsShK0vnUFfFVoWjMNg.jpeg"",""nombre"":""""}","Feb 14, 2024A clap icon1.7KA response icon11","{""likes"":0,""comentarios"":0}"
"Material 3 Experimental Support in Angular 17.2","We’re thrilled to announce that Angular 17.2 features experimental support for Material 3 theming in Angular Material.","{""link"":""https://miro.medium.com/v2/resize:fill:20:20/1*WgvQqqTBK_oTlTkIo8tsRQ.jpeg"",""nombre"":""""}","Feb 14, 2024A clap icon1.1KA response icon18","{""likes"":0,""comentarios"":0}"
"Angular Developer Survey 2023","Over the past year we’ve been evolving Angular based on developer feedback and community trends. We receive developer feedback from dozens…","{""link"":""https://miro.medium.com/v2/resize:fill:20:20/1*PC5hsShK0vnUFfFVoWjMNg.jpeg"",""nombre"":""""}","Jan 3, 2024A clap icon964A response icon10","{""likes"":0,""comentarios"":0}"
"Check out Angular’s support for the View Transitions API","When a user navigates from one route to another, the Angular Router maps the URL path to the relevant component and displays its view…","{""link"":""https://miro.medium.com/v2/resize:fill:20:20/0*280lqQqDAyswE-MC"",""nombre"":""""}","Dec 13, 2023A clap icon465A response icon1","{""likes"":0,""comentarios"":0}"
"Use Angular’s New Deferrable Views Now","The Angular community has asked for an intuitive, built-in method to lazy load components, directives, and pipes. In Angular v17, we’ve…","{""link"":""https://miro.medium.com/v2/resize:fill:20:20/1*xb7qMsAbmwzmFOEopp_K-Q.jpeg"",""nombre"":""""}","Dec 1, 2023A clap icon1KA response icon6","{""likes"":0,""comentarios"":0}"
"Introducing Angular v17","Last month marked the 13th anniversary of Angular’s red shield. AngularJS was the starting point for a new wave of JavaScript frameworks…","{""link"":""https://miro.medium.com/v2/resize:fill:20:20/1*PC5hsShK0vnUFfFVoWjMNg.jpeg"",""nombre"":""""}","Nov 8, 2023A clap icon5.1KA response icon51","{""likes"":0,""comentarios"":0}"
"Announcing Angular.dev","Today, we are excited to launch Angular.dev — the future home for Angular developers.","{""link"":""https://miro.medium.com/v2/resize:fill:20:20/0*lw25USWxDjT-i0kV"",""nombre"":""""}","Nov 6, 2023A clap icon2.5KA response icon22","{""likes"":0,""comentarios"":0}"
"Some big things are happening next week on November 6th 🎉","We’ve been hard at work on some very special updates to Angular. You don’t want to miss what we have planned.","{""link"":""https://miro.medium.com/v2/resize:fill:20:20/1*2hqK0rVXWghtk_RLFx33oA.jpeg"",""nombre"":""""}","Nov 3, 2023A clap icon261A response icon2","{""likes"":0,""comentarios"":0}"
"Meet Angular’s New Control Flow","This November, we’ll release Angular version 17 with a number of new template features, including a new built-in syntax for control flow…","{""link"":""https://miro.medium.com/v2/resize:fill:20:20/1*yNCBVxf7m7JX0QAJQBEEAA.jpeg"",""nombre"":""""}","Sep 25, 2023A clap icon1.4KA response icon33","{""likes"":0,""comentarios"":0}"
"Incremental Static Regeneration for Angular","In Angular v16 we got a new hydration system. It was also hinted that experiments for partial hydration and resumability are in the works…","{""link"":""https://miro.medium.com/v2/resize:fill:20:20/1*LFs2zwHSvvAuJzTH2I3FIQ.jpeg"",""nombre"":""""}","Sep 14, 2023A clap icon694A response icon3","{""likes"":0,""comentarios"":0}"
"New free, interactive Angular course for beginners on Sololearn","We are delighted to announce that we’ve collaborated with the online interactive code learning platform Sololearn to develop an…","{""link"":""https://miro.medium.com/v2/resize:fill:20:20/1*2hqK0rVXWghtk_RLFx33oA.jpeg"",""nombre"":""""}","Sep 7, 2023A clap icon417A response icon4","{""likes"":0,""comentarios"":0}"
"Protractor Deprecation Update August 2023","TLDR;","{""link"":""https://miro.medium.com/v2/resize:fill:20:20/1*2hqK0rVXWghtk_RLFx33oA.jpeg"",""nombre"":""""}","Aug 28, 2023A clap icon123A response icon2","{""likes"":0,""comentarios"":0}"
"Notice of XSS issue affecting Angular Universal 16.1.0–16.1.1","We just released a fix for a bug that could potentially cause an XSS vulnerability in the Critters library that Angular uses for CSS…","{""link"":""https://miro.medium.com/v2/resize:fill:20:20/0*lw25USWxDjT-i0kV"",""nombre"":""""}","Aug 4, 2023A clap icon137","{""likes"":0,""comentarios"":0}"
"Angular at Google I/O 2023","Google I/O 2023’s flagship event happened last month, and Angular had a ton of fun announcing Angular v16!","{""link"":""https://miro.medium.com/v2/resize:fill:20:20/0*lw25USWxDjT-i0kV"",""nombre"":""""}","Jun 6, 2023A clap icon311A response icon2","{""likes"":0,""comentarios"":0}"
"Angular Developer Survey 2022 Results Summary","The Angular team is evidence driven — we collect feedback from developers to decide what should be part of our roadmap. We get data from…","{""link"":""https://miro.medium.com/v2/resize:fill:20:20/1*PC5hsShK0vnUFfFVoWjMNg.jpeg"",""nombre"":""""}","May 23, 2023A clap icon742A response icon9","{""likes"":0,""comentarios"":0}"
"Angular v16 is here!","Six months ago, we reached a significant milestone in Angular’s simplicity and developer experience by graduating the standalone APIs from…","{""link"":""https://miro.medium.com/v2/resize:fill:20:20/1*PC5hsShK0vnUFfFVoWjMNg.jpeg"",""nombre"":""""}","May 3, 2023A clap icon5.8KA response icon38","{""likes"":0,""comentarios"":0}"
"Moving Angular CLI to Jest and Web Test Runner","We are excited to announce that we are adding initial experimental support for Jest, with Web Test Runner support coming in the future.","{""link"":""https://miro.medium.com/v2/resize:fill:20:20/1*9jpxZxy-bhSS_VDhkVnWXQ.jpeg"",""nombre"":""""}","Apr 27, 2023A clap icon465A response icon8","{""likes"":0,""comentarios"":0}"
"What’s next for Server Side Rendering in Angular","In May of 2022, we shared Angular’s vision for the future, where we committed to investing in server side rendering and hydration. Angular…","{""link"":""https://miro.medium.com/v2/resize:fill:20:20/1*xb7qMsAbmwzmFOEopp_K-Q.jpeg"",""nombre"":""""}","Apr 17, 2023A clap icon745A response icon7","{""likes"":0,""comentarios"":0}"
"Write better tests without Router mocks/stubs","Prior advice","{""link"":""https://miro.medium.com/v2/resize:fill:20:20/0*280lqQqDAyswE-MC"",""nombre"":""""}","Mar 2, 2023A clap icon285A response icon1","{""likes"":0,""comentarios"":0}"
"Angular v15 is now available!","Over the past year we removed Angular’s legacy compiler and rendering pipeline which enabled the development of a series of developer…","{""link"":""https://miro.medium.com/v2/resize:fill:20:20/1*PC5hsShK0vnUFfFVoWjMNg.jpeg"",""nombre"":""""}","Nov 16, 2022A clap icon4.4KA response icon37","{""likes"":0,""comentarios"":0}"
"Advancements in the Angular Router","The Angular team has been busy making some meaningful updates to the Angular router that are available as of Angular v14.2. We’re pleased…","{""link"":""https://miro.medium.com/v2/resize:fill:20:20/0*280lqQqDAyswE-MC"",""nombre"":""""}","Oct 25, 2022A clap icon729A response icon4","{""likes"":0,""comentarios"":0}"
"Modern CSS in Angular: Layouts","This week, we tackle layouts.","{""link"":""https://miro.medium.com/v2/resize:fill:20:20/0*lw25USWxDjT-i0kV"",""nombre"":""""}","Oct 18, 2022A clap icon989A response icon34","{""likes"":0,""comentarios"":0}"
"The State of end-to-end testing with Angular","In the Angular v12 release blog post we announced plans to investigate the future of Protractor.","{""link"":""https://miro.medium.com/v2/resize:fill:20:20/1*2hqK0rVXWghtk_RLFx33oA.jpeg"",""nombre"":""""}","Aug 10, 2022A clap icon537A response icon10","{""likes"":0,""comentarios"":0}"
"Angular v14 is now available!","We are excited to announce the release of Angular v14! From typed forms and standalone components to new primitives in the Angular CDK…","{""link"":""https://miro.medium.com/v2/resize:fill:20:20/0*lw25USWxDjT-i0kV"",""nombre"":""""}","Jun 2, 2022A clap icon2.6KA response icon23","{""likes"":0,""comentarios"":0}"
"Angular’s Vision for the Future","In the Angular 2021 recap and 2022 preview post, we shared our plans for 2022. As we are almost midway through 2022, this is a great time…","{""link"":""https://miro.medium.com/v2/resize:fill:20:20/1*HELihQhqNYhyoTkZtxNSvg.png"",""nombre"":""""}","May 24, 2022A clap icon1KA response icon9","{""likes"":0,""comentarios"":0}"
"Angular at I/O 2022","At I/O 2021 we had a blast announcing Angular DevTools and letting you use it in the Adventure world! We talked to hundreds of developers…","{""link"":""https://miro.medium.com/v2/resize:fill:20:20/1*PC5hsShK0vnUFfFVoWjMNg.jpeg"",""nombre"":""""}","Apr 29, 2022A clap icon449A response icon2","{""likes"":0,""comentarios"":0}"
"Developer Survey 2021 Results","Earlier this year, we ran our annual developer survey. We received nearly 25k responses and want to thank each and everyone of you for…","{""link"":""https://miro.medium.com/v2/resize:fill:20:20/1*PC5hsShK0vnUFfFVoWjMNg.jpeg"",""nombre"":""""}","Apr 13, 2022A clap icon669A response icon8","{""likes"":0,""comentarios"":0}"
"An Update on Standalone Components","(and directives and pipes!)","{""link"":""https://miro.medium.com/v2/resize:fill:20:20/1*yNCBVxf7m7JX0QAJQBEEAA.jpeg"",""nombre"":""""}","Apr 6, 2022A clap icon653A response icon6","{""likes"":0,""comentarios"":0}"
"Angular Extended Diagnostics","A deep-dive into Angular 13.2’s new extended diagnostics feature, what they are, how they work, and their future in the Angular ecosystem.","{""link"":""https://miro.medium.com/v2/resize:fill:20:20/1*9jpxZxy-bhSS_VDhkVnWXQ.jpeg"",""nombre"":""""}","Mar 9, 2022A clap icon141A response icon3","{""likes"":0,""comentarios"":0}"
"How the Angular Compiler Works","The Angular Compiler (which we call ngc) is the tool used to compile Angular applications and libraries. ngc is built on the TypeScript…","{""link"":""https://miro.medium.com/v2/resize:fill:20:20/1*yNCBVxf7m7JX0QAJQBEEAA.jpeg"",""nombre"":""""}","Feb 9, 2022A clap icon1.1KA response icon8","{""likes"":0,""comentarios"":0}"
"Angular 2021 Recap and 2022 Preview","Happy New Year! 2021 was a difficult year for everyone around the globe but as a community we’ve managed to stick together and continue to…","{""link"":""https://miro.medium.com/v2/resize:fill:20:20/1*2hqK0rVXWghtk_RLFx33oA.jpeg"",""nombre"":""""}","Jan 20, 2022A clap icon448A response icon2","{""likes"":0,""comentarios"":0}"
"Typed Forms: The RFC Is Here","For five years, strong types in the Forms package have been a top feature request. Issue (#13721) is the most popular issue of all time on…","{""link"":""https://miro.medium.com/v2/resize:fill:20:20/1*ZcytItc1C2QVQxsTWdMkrg.jpeg"",""nombre"":""""}","Jan 13, 2022A clap icon533A response icon3","{""likes"":0,""comentarios"":0}"
"Discontinued Long Term Support for AngularJS","In January of 2018 we laid out our plans for the final releases of AngularJS before entering long-term support and last year, we extended…","{""link"":""https://miro.medium.com/v2/resize:fill:20:20/1*2hqK0rVXWghtk_RLFx33oA.jpeg"",""nombre"":""""}","Jan 11, 2022A clap icon735A response icon6","{""likes"":0,""comentarios"":0}"
"Thank you, Angular","","{""link"":""https://miro.medium.com/v2/resize:fill:20:20/1*4261814mL-tv2a81kIcl5w.png"",""nombre"":""""}","Nov 30, 2021A clap icon1.97KA response icon15","{""likes"":0,""comentarios"":0}"
"The [New] State of CSS in Angular","It’s been a few years since we last covered CSS on this blog — and a lot has happened since then!","{""link"":""https://miro.medium.com/v2/resize:fill:20:20/0*lw25USWxDjT-i0kV"",""nombre"":""""}","Nov 16, 2021A clap icon1.8KA response icon2","{""likes"":0,""comentarios"":0}"
"Angular v13 is now Available","We’re back with the brand new release of Angular v13 to share with all of you! This latest release brings all sorts of updates and features…","{""link"":""https://miro.medium.com/v2/resize:fill:20:20/1*2hqK0rVXWghtk_RLFx33oA.jpeg"",""nombre"":""""}","Nov 3, 2021A clap icon3.7KA response icon22","{""likes"":0,""comentarios"":0}"
"Improving Angular Component’s accessibility","The outcome is better, more accessible components…","{""link"":""https://miro.medium.com/v2/resize:fill:20:20/0*lw25USWxDjT-i0kV"",""nombre"":""""}","Oct 27, 2021A clap icon456A response icon3","{""likes"":0,""comentarios"":0}"
"Build more accessible Angular apps","During #GoogleIO2021, we released a new Angular codelab focused on accessibility. In this post we’ll walk through ten tools for building…","{""link"":""https://miro.medium.com/v2/resize:fill:20:20/0*lw25USWxDjT-i0kV"",""nombre"":""""}","Jun 9, 2021A clap icon680A response icon7","{""likes"":0,""comentarios"":0}"
"New Feature Request Process","Among the most significant advantages of working on a popular open codebase is the constant feedback stream in all forms, including GitHub…","{""link"":""https://miro.medium.com/v2/resize:fill:20:20/1*PC5hsShK0vnUFfFVoWjMNg.jpeg"",""nombre"":""""}","May 27, 2021A clap icon673A response icon9","{""likes"":0,""comentarios"":0}"
"Introducing Angular DevTools","We’re thrilled to announce Angular DevTools — a Chrome DevTools extension that you can use to inspect the structure of your applications…","{""link"":""https://miro.medium.com/v2/resize:fill:20:20/1*PC5hsShK0vnUFfFVoWjMNg.jpeg"",""nombre"":""""}","May 18, 2021A clap icon3.2KA response icon22","{""likes"":0,""comentarios"":0}"
"Angular v12 is now available","It’s that time again, friends — we’re back with a new release and we can’t wait to share all the great updates and features waiting for…","{""link"":""https://miro.medium.com/v2/resize:fill:20:20/1*2hqK0rVXWghtk_RLFx33oA.jpeg"",""nombre"":""""}","May 12, 2021A clap icon5.2KA response icon30","{""likes"":0,""comentarios"":0}"
"Upcoming improvements to Angular library distribution","TLDR; In v12, we’ll deprecate our legacy compilation and rendering pipeline called View Engine. This change will not require any action by…","{""link"":""https://miro.medium.com/v2/resize:fill:20:20/1*PC5hsShK0vnUFfFVoWjMNg.jpeg"",""nombre"":""""}","Apr 23, 2021A clap icon886A response icon1","{""likes"":0,""comentarios"":0}"
"Nishu Goel: The journey to GDE","#WomenAreExperts is a series that features their stories and achievements, with an aim to inspire more women to follow their path.","{""link"":""https://miro.medium.com/v2/resize:fill:20:20/0*lw25USWxDjT-i0kV"",""nombre"":""""}","Mar 26, 2021A clap icon252A response icon2","{""likes"":0,""comentarios"":0}"
"Alyssa Nicoll: A love story — The Web & I","#WomenAreExperts is a series that features their stories and achievements, with an aim to inspire more women to follow their path.","{""link"":""https://miro.medium.com/v2/resize:fill:20:20/0*lw25USWxDjT-i0kV"",""nombre"":""""}","Mar 19, 2021A clap icon264A response icon2","{""likes"":0,""comentarios"":0}"
"Natalia Venditto: Architecting a career in Angular","#WomenAreExperts is a series that features their stories and achievements, with an aim to inspire more women to follow their path.","{""link"":""https://miro.medium.com/v2/resize:fill:20:20/0*lw25USWxDjT-i0kV"",""nombre"":""""}","Mar 12, 2021A clap icon272A response icon2","{""likes"":0,""comentarios"":0}"
"Tracy Lee: The superpower of becoming an Expert","#WomenAreExperts is a series that features their stories and achievements, with an aim to inspire more women to follow their path.","{""link"":""https://miro.medium.com/v2/resize:fill:20:20/0*lw25USWxDjT-i0kV"",""nombre"":""""}","Mar 5, 2021A clap icon432","{""likes"":0,""comentarios"":0}"
"Ivy’s internal data structures","I thought it would be useful to dive into Angular’s new Ivy rendering engine’s inner workings. In this article, I would like to stay high…","{""link"":""https://miro.medium.com/v2/resize:fill:20:20/1*Ay3pTMoAdPslK60kNCbBhg.png"",""nombre"":""""}","Mar 3, 2021A clap icon1.2KA response icon9","{""likes"":0,""comentarios"":0}"
"With Best Practices from the Start","One of the highest priorities for Angular is to enable best practices from the start. We want you to feel comfortable building a large…","{""link"":""https://miro.medium.com/v2/resize:fill:20:20/1*PC5hsShK0vnUFfFVoWjMNg.jpeg"",""nombre"":""""}","Feb 18, 2021A clap icon1.5KA response icon8","{""likes"":0,""comentarios"":0}"
"Under the Hood of the Language Service","State of the Language Service","{""link"":""https://miro.medium.com/v2/resize:fill:20:20/1*yNCBVxf7m7JX0QAJQBEEAA.jpeg"",""nombre"":""""}","Feb 4, 2021A clap icon561A response icon5","{""likes"":0,""comentarios"":0}"
"Finding a Path Forward with AngularJs","In January of 2018 we laid out our plans for the final releases of AngularJS before entering long term support. Then in July 2020 we…","{""link"":""https://miro.medium.com/v2/resize:fill:20:20/1*2hqK0rVXWghtk_RLFx33oA.jpeg"",""nombre"":""""}","Feb 1, 2021A clap icon223A response icon3","{""likes"":0,""comentarios"":0}"
"Angular Debugging Guides","The best part of coding is when something works on the first try. The next best thing is knowing how to debug errors when things don’t…","{""link"":""https://miro.medium.com/v2/resize:fill:20:20/0*lw25USWxDjT-i0kV"",""nombre"":""""}","Jan 26, 2021A clap icon1.3KA response icon4","{""likes"":0,""comentarios"":0}"
"How to file an issue","Knowing how to file an issue with “the right information” may be the difference between it getting resolved immediately or never getting…","{""link"":""https://miro.medium.com/v2/resize:fill:20:20/1*Ay3pTMoAdPslK60kNCbBhg.png"",""nombre"":""""}","Jan 19, 2021A clap icon153A response icon1","{""likes"":0,""comentarios"":0}"
"Angular Thoughts on Docs: Looking Back, Looking Ahead","As the last quarter of 2020 comes to an end, it’s a good opportunity to look back on some of the work we’ve done with the Angular…","{""link"":""https://miro.medium.com/v2/resize:fill:20:20/1*4TOhEr61ZxS_5OhQSBUJaw.jpeg"",""nombre"":""""}","Jan 11, 2021A clap icon406A response icon8","{""likes"":0,""comentarios"":0}"
"Developer Survey 2020 Results","Earlier this year, we ran our annual developer survey. We want to thank you for the close to 30k responses, which will help us make…","{""link"":""https://miro.medium.com/v2/resize:fill:20:20/1*PC5hsShK0vnUFfFVoWjMNg.jpeg"",""nombre"":""""}","Dec 15, 2020A clap icon976A response icon3","{""likes"":0,""comentarios"":0}"
"Version 11 of Angular Now Available","Version 11.0.0 is here and we’ve got some great updates for Angular developers everywhere.","{""link"":""https://miro.medium.com/v2/resize:fill:20:20/1*2hqK0rVXWghtk_RLFx33oA.jpeg"",""nombre"":""""}","Nov 11, 2020A clap icon4.1KA response icon12","{""likes"":0,""comentarios"":0}"
"Giving material.angular.io a refresh","If you have recently visited the Angular Materials documentation site you will have noticed some new visual updates.","{""link"":""https://miro.medium.com/v2/resize:fill:20:20/0*RKlZoCMGnnHAyKEE"",""nombre"":""""}","Oct 7, 2020A clap icon1.1KA response icon10","{""likes"":0,""comentarios"":0}"
"Angular Thoughts on Docs","If you have visited the docs at angular.io lately, you might have noticed some changes in our content layout and structure. As the lead…","{""link"":""https://miro.medium.com/v2/resize:fill:20:20/1*4TOhEr61ZxS_5OhQSBUJaw.jpeg"",""nombre"":""""}","Sep 18, 2020A clap icon945A response icon9","{""likes"":0,""comentarios"":0}"
"Angular localization with Ivy","Part of the new Angular rendering engine, Ivy, included a new approach to localizing applications — specifically extracting and…","{""link"":""https://miro.medium.com/v2/resize:fill:20:20/0*H02C2-oYlIgXX0aT."",""nombre"":""""}","Sep 9, 2020A clap icon976A response icon9","{""likes"":0,""comentarios"":0}"
"Summer 2020 Internship With the Angular Team","TL;DR Our interns were phenomenal! Read on to find out why.","{""link"":""https://miro.medium.com/v2/resize:fill:20:20/1*2hqK0rVXWghtk_RLFx33oA.jpeg"",""nombre"":""""}","Sep 2, 2020A clap icon191","{""likes"":0,""comentarios"":0}"
"Ionic + Angular: Powering the App store and the web","Did you know Ionic and Angular power roughly 10% of the apps on iOS and almost 20% of apps on Android? Let’s repeat that: Angular powers a…","{""link"":""https://miro.medium.com/v2/resize:fill:20:20/2*zGOPlEqPjkOlj-7ff-vQQg.png"",""nombre"":""""}","Aug 31, 2020A clap icon734A response icon6","{""likes"":0,""comentarios"":0}"
"Angular CLI Strict Mode","In Angular, we strongly believe in consistency and best practices. For example, we adopted TypeScript in its early days because we wanted…","{""link"":""https://miro.medium.com/v2/resize:fill:20:20/1*PC5hsShK0vnUFfFVoWjMNg.jpeg"",""nombre"":""""}","Aug 26, 2020A clap icon1.1KA response icon12","{""likes"":0,""comentarios"":0}"
"How I contributed to Angular Components","In this post, I want to share my experience and lessons learned contributing to @angular/components and collaborating with the team at…","{""link"":""https://miro.medium.com/v2/resize:fill:20:20/2*kq691jyFdLJRAGCSRULSGQ.jpeg"",""nombre"":""""}","Aug 24, 2020A clap icon750A response icon3","{""likes"":0,""comentarios"":0}"
"AngularJS LTS Extended in response to COVID-19","Back on July 27th, via the official Twitter account, we announced that in response to COVID-19 the team will extend AngularJS LTS by 6…","{""link"":""https://miro.medium.com/v2/resize:fill:20:20/1*2hqK0rVXWghtk_RLFx33oA.jpeg"",""nombre"":""""}","Aug 17, 2020A clap icon248A response icon4","{""likes"":0,""comentarios"":0}"
"A Roadmap for Angular","At the beginning of 2020 at ng-conf Hardwired, I talked about how we were evolving the team, improving our processes, and working to build…","{""link"":""https://miro.medium.com/v2/resize:fill:20:20/0*lJ-dtpVG9K1X0w5p"",""nombre"":""""}","Aug 5, 2020A clap icon1.8KA response icon8","{""likes"":0,""comentarios"":0}"
"Version 10 of Angular Now Available","Version 10.0.0 is here! This is a major release that spans the entire platform, including the framework, Angular Material, and the CLI…","{""link"":""https://miro.medium.com/v2/resize:fill:20:20/1*y_L34o3bW0QELQm1KOFMTw.jpeg"",""nombre"":""""}","Jun 24, 2020A clap icon5.7KA response icon28","{""likes"":0,""comentarios"":0}"
"Leveraging Angular Prereleases to keep Ionic in Sync","Unlike other open source projects, Angular tries to bring a new major release at least twice a year. With each new release, Angular stands…","{""link"":""https://miro.medium.com/v2/resize:fill:20:20/2*zGOPlEqPjkOlj-7ff-vQQg.png"",""nombre"":""""}","Jun 23, 2020A clap icon320A response icon1","{""likes"":0,""comentarios"":0}"
"The Angular Developer Survey","The 2020 Angular Developer Survey ends this week! If you haven’t already, please complete the survey now. It takes only about a minute (82…","{""link"":""https://miro.medium.com/v2/resize:fill:20:20/1*y_L34o3bW0QELQm1KOFMTw.jpeg"",""nombre"":""""}","Apr 21, 2020A clap icon554A response icon9","{""likes"":0,""comentarios"":0}"
"Version 9.1 of Angular Now Available — TypeScript 3.8, faster builds, and more","We just released Version 9.1 of Angular. This is a minor release of the framework and the CLI that is a drop-in replacement for 9.0…","{""link"":""https://miro.medium.com/v2/resize:fill:20:20/1*y_L34o3bW0QELQm1KOFMTw.jpeg"",""nombre"":""""}","Mar 25, 2020A clap icon2.4KA response icon16","{""likes"":0,""comentarios"":0}"
"Version 9 of Angular Now Available— Project Ivy has arrived!","The 9.0.0 release of Angular is here! This is a major release that spans the entire platform, including the framework, Angular Material…","{""link"":""https://miro.medium.com/v2/resize:fill:20:20/1*y_L34o3bW0QELQm1KOFMTw.jpeg"",""nombre"":""""}","Feb 6, 2020A clap icon11.8KA response icon35","{""likes"":0,""comentarios"":0}"
"When your dependencies break your software, wouldn’t you like them to fix it?","In this article we want to share how we at Allianz Global Digital Factory (GDF) use the tooling of Angular to keep our ecosystem in sync…","{""link"":""https://miro.medium.com/v2/resize:fill:20:20/2*yZywBLVWsNmhCTBK28OBzg.jpeg"",""nombre"":""""}","Nov 27, 2019A clap icon714A response icon1","{""likes"":0,""comentarios"":0}"
"Building Accessibility in Angular Applications","Accessibility should never be an afterthought! Everyone should be a stakeholder in it; developers, designers, and of course the testers.","{""link"":""https://miro.medium.com/v2/resize:fill:20:20/1*9qjpVtHsuY1FuM93vK9Ihw.jpeg"",""nombre"":""""}","Nov 6, 2019A clap icon748A response icon1","{""likes"":0,""comentarios"":0}"
"Announcing the Capacitor ngAdd Schematic","Today, we at Ionic are happy to share the release of Angular Schematics for Capacitor. Let’s take a look at what Capacitor is and how to…","{""link"":""https://miro.medium.com/v2/resize:fill:20:20/2*zGOPlEqPjkOlj-7ff-vQQg.png"",""nombre"":""""}","Oct 24, 2019A clap icon532A response icon4","{""likes"":0,""comentarios"":0}"
"The Angular Team @ AngularConnect 2019","It was our pleasure to attend AngularConnect again this year and to talk to hundreds of amazing engineers.","{""link"":""https://miro.medium.com/v2/resize:fill:20:20/1*y_L34o3bW0QELQm1KOFMTw.jpeg"",""nombre"":""""}","Oct 17, 2019A clap icon526A response icon1","{""likes"":0,""comentarios"":0}"
"Hack for Good","The Angular and NativeScript teams teamed up to organise Hack For Good — an online hackathon with prizes.","{""link"":""https://miro.medium.com/v2/resize:fill:20:20/0*Uk2Rn0gKNX2MoNQu."",""nombre"":""""}","Oct 14, 2019A clap icon113","{""likes"":0,""comentarios"":0}"
"Perspectives from Contributing to Angular","This past summer I had the privilege of being a part of the Angular Team at Google, where I worked on source code indexers. I developed an…","{""link"":""https://miro.medium.com/v2/resize:fill:20:20/2*apjp5WMHRTj5cYc8xHWmpA.jpeg"",""nombre"":""""}","Sep 9, 2019A clap icon637A response icon2","{""likes"":0,""comentarios"":0}"
"Angular Tools for High Performance","This post, contains a list of new tools and practices that can help us build faster Angular apps and monitor their performance over time…","{""link"":""https://miro.medium.com/v2/resize:fill:20:20/1*PC5hsShK0vnUFfFVoWjMNg.jpeg"",""nombre"":""""}","Aug 28, 2019A clap icon2.3KA response icon10","{""likes"":0,""comentarios"":0}"
"Angular Interns Summer 2019","The Angular team believes that people are essential to building great technology, and so we are taking part in Google’s 2019 intern…","{""link"":""https://miro.medium.com/v2/resize:fill:20:20/1*y_L34o3bW0QELQm1KOFMTw.jpeg"",""nombre"":""""}","Aug 1, 2019A clap icon664A response icon2","{""likes"":0,""comentarios"":0}"
"Prototyping with Angular","Since joining Google a year ago, I’ve been using Angular every day to build realistic, front-end prototypes. I’ve used these prototypes to…","{""link"":""https://miro.medium.com/v2/resize:fill:20:20/2*LOvrFbNrif45kntVzOuK-g.jpeg"",""nombre"":""""}","Jun 26, 2019A clap icon1.91KA response icon6","{""likes"":0,""comentarios"":0}"
"Try Bazel’s opt-in preview in Angular CLI","In Google we build all our software with a tool called Bazel. We’ve been using it for the past over 12 years to build projects with any…","{""link"":""https://miro.medium.com/v2/resize:fill:20:20/1*PC5hsShK0vnUFfFVoWjMNg.jpeg"",""nombre"":""""}","Jun 21, 2019A clap icon1.3KA response icon7","{""likes"":0,""comentarios"":0}"
"It’s time for the compatibility opt-in preview of Ivy!","We’re looking for developers willing to give new things a try (with a few rough edges) and who want to share their experiences with us. If…","{""link"":""https://miro.medium.com/v2/resize:fill:20:20/1*y_L34o3bW0QELQm1KOFMTw.jpeg"",""nombre"":""""}","Jun 7, 2019A clap icon1.2KA response icon2","{""likes"":0,""comentarios"":0}"
"Version 8 of Angular — Smaller bundles, CLI APIs, and alignment with the ecosystem","The 8.0.0 release of Angular is here! This is a major release spanning the entire platform, including the core framework, Angular Material…","{""link"":""https://miro.medium.com/v2/resize:fill:20:20/1*y_L34o3bW0QELQm1KOFMTw.jpeg"",""nombre"":""""}","May 28, 2019A clap icon7.4KA response icon27","{""likes"":0,""comentarios"":0}"
"Introducing CLI Builders","In this blog post, we’re going to look at a new API in Angular CLI, which allows you to add CLI features and augment existing ones. We’ll…","{""link"":""https://miro.medium.com/v2/resize:fill:20:20/0*Lwm0vrKOqlvJT6vj.jpg"",""nombre"":""""}","Apr 23, 2019A clap icon1.5KA response icon6","{""likes"":0,""comentarios"":0}"
"Building a transaction service for managing large scale editing experiences","A common challenge developers have to tackle when building applications consuming large data sets, is how to create a maintainable and…","{""link"":""https://miro.medium.com/v2/resize:fill:20:20/1*-nea87aY37h8dlOJPiZQig.jpeg"",""nombre"":""""}","Mar 19, 2019A clap icon1.4KA response icon4","{""likes"":0,""comentarios"":0}"
"A plan for version 8.0 and Ivy","“When will Ivy be ready?” is a question we get asked every week. Here’s an update on how things are going with version 8.0, and our plans…","{""link"":""https://miro.medium.com/v2/resize:fill:20:20/1*y_L34o3bW0QELQm1KOFMTw.jpeg"",""nombre"":""""}","Feb 8, 2019A clap icon5.7KA response icon18","{""likes"":0,""comentarios"":0}"
"Nebular meets Angular CDK","A short while ago our team released a stable version of Nebular. Nebular is an Angular library that simplifies complex rich UI…","{""link"":""https://miro.medium.com/v2/resize:fill:20:20/0*IcUkTJnEFvnEvKGP"",""nombre"":""""}","Jan 31, 2019A clap icon1.1KA response icon4","{""likes"":0,""comentarios"":0}"
"Angular Console","What is it and why is it valuable for you?","{""link"":""https://miro.medium.com/v2/resize:fill:20:20/1*EeE4xD7bbH8gs3xqzgqYeA.jpeg"",""nombre"":""""}","Dec 4, 2018A clap icon975A response icon4","{""likes"":0,""comentarios"":0}"
"Version 7 of Angular — CLI Prompts, Virtual Scroll, Drag and Drop and more","The 7.0.0 release of Angular is here! This is a major release spanning the entire platform, including the core framework, Angular Material…","{""link"":""https://miro.medium.com/v2/resize:fill:20:20/1*y_L34o3bW0QELQm1KOFMTw.jpeg"",""nombre"":""""}","Oct 18, 2018A clap icon18.3KA response icon49","{""likes"":0,""comentarios"":0}"
"Angular Schematics: Unit Testing","Building Schematics can be magical. With very little code you can build large structures that can be replicated over multiple projects. As…","{""link"":""https://miro.medium.com/v2/resize:fill:20:20/0*383BxDvzQjfPvWC2."",""nombre"":""""}","Sep 13, 2018A clap icon893A response icon4","{""likes"":0,""comentarios"":0}"
"Creating a successful meetup at your company","At Tesla, I came up with an idea to hold monthly Web Development meetups where employees could learn from each other and the external…","{""link"":""https://miro.medium.com/v2/resize:fill:20:20/1*M2MbIuZJyorTyg9k8uUc4A.jpeg"",""nombre"":""""}","Sep 7, 2018A clap icon881A response icon14","{""likes"":0,""comentarios"":0}"
"Apps That Work Natively on the Web and Mobile","Today we’re happy to announce an exciting new way to build web and mobile apps with Angular and NativeScript.","{""link"":""https://miro.medium.com/v2/resize:fill:20:20/0*Uk2Rn0gKNX2MoNQu."",""nombre"":""""}","Aug 22, 2018A clap icon4.3KA response icon25","{""likes"":0,""comentarios"":0}"
"2 New Tools to help with AngularJS to Angular Migrations","Awesome new resources and tools to help migrate from AngularJS to Angular","{""link"":""https://miro.medium.com/v2/resize:fill:20:20/1*BOS5WAPD9ovb9ih8atXxGg.jpeg"",""nombre"":""""}","Aug 14, 2018A clap icon1KA response icon5","{""likes"":0,""comentarios"":0}"
"Google announces Grab and Go program for Chromebooks, powered by Angular","Google announces Grab and Go program for Chromebooks, powered by Angular","{""link"":""https://miro.medium.com/v2/resize:fill:20:20/1*1_EjsRjH5J7sq4W2FwgglA.jpeg"",""nombre"":""""}","Aug 3, 2018A clap icon451A response icon1","{""likes"":0,""comentarios"":0}"
"What’s New in WebStorm for Angular","The most recent release of Angular adds lots of new features to the CLI that make it easier for you to update and add new features to your…","{""link"":""https://miro.medium.com/v2/resize:fill:20:20/1*DXCCRVRJNr33f3HnX3BHwA.jpeg"",""nombre"":""""}","Jul 30, 2018A clap icon1.1KA response icon2","{""likes"":0,""comentarios"":0}"
"Angular v6.1 Now Available — TypeScript 2.9, Scroll Positioning, and more","Angular version 6.1 has been released. This is a minor release that is a drop-in replacement for 6.0 containing new features and bugfixes.","{""link"":""https://miro.medium.com/v2/resize:fill:20:20/1*y_L34o3bW0QELQm1KOFMTw.jpeg"",""nombre"":""""}","Jul 25, 2018A clap icon3.3KA response icon13","{""likes"":0,""comentarios"":0}"
"Datepicking Beyond the Gregorian Calendar","In this blog post, I would like to tell you about our work at the Digital Humanities Lab (DHLab) at the University of Basel, Switzerland…","{""link"":""https://miro.medium.com/v2/resize:fill:20:20/1*fdqA0boEXV2Wmj7raEIHmw.jpeg"",""nombre"":""""}","Jul 12, 2018A clap icon301A response icon2","{""likes"":0,""comentarios"":0}"
"Moving Design Beyond Pictures","Quickly create real Angular prototypes without writing code.","{""link"":""https://miro.medium.com/v2/resize:fill:20:20/1*R6XevbHLpB_FtNtxUXC8aA.png"",""nombre"":""""}","Jun 6, 2018A clap icon4.1KA response icon43","{""likes"":0,""comentarios"":0}"
"Version 6 of Angular Now Available","The 6.0.0 release of Angular is here! This is a major release focused less on the underlying framework, and more on the toolchain and on…","{""link"":""https://miro.medium.com/v2/resize:fill:20:20/1*y_L34o3bW0QELQm1KOFMTw.jpeg"",""nombre"":""""}","May 3, 2018A clap icon32KA response icon86","{""likes"":0,""comentarios"":0}"
"Trip report from ng-conf 2018","A few of the Angular team members were able to attend and present at ng-conf this year. We owe a huge thank you to the organizers for…","{""link"":""https://miro.medium.com/v2/resize:fill:20:20/1*y_L34o3bW0QELQm1KOFMTw.jpeg"",""nombre"":""""}","Apr 30, 2018A clap icon1.1KA response icon4","{""likes"":0,""comentarios"":0}"
"Top 3 Things Charter Learned About Reusable Designs and Components","This is a guest post by Geoffrey Cullins, Sr. Director, Portal App Development at Charter Communications.","{""link"":""https://miro.medium.com/v2/resize:fill:20:20/1*dW24gcbOUc4FajxMfi0q5w.jpeg"",""nombre"":""""}","Apr 13, 2018A clap icon633A response icon7","{""likes"":0,""comentarios"":0}"
"Trip report from ngAtlanta: Angular’s Roadmap, Inclusion, and more","Last month I had the opportunity to speak at the ngAtlanta conference where I covered major parts of Angular’s 2018 roadmap and shared what…","{""link"":""https://miro.medium.com/v2/resize:fill:20:20/0*YmVb-s-hiC1uKLlA.jpg"",""nombre"":""""}","Feb 22, 2018A clap icon2KA response icon6","{""likes"":0,""comentarios"":0}"
"Run Angular CLI repos directly in your browser","Github is the source of truth for most Angular demos, examples, prototypes, and “real world” projects. However, downloading & initializing…","{""link"":""https://miro.medium.com/v2/resize:fill:20:20/2*2tCYD-st3YiKRlGSrFgj0w.jpeg"",""nombre"":""""}","Feb 9, 2018A clap icon5.7KA response icon31","{""likes"":0,""comentarios"":0}"
"File uploads come to AngularFire","Cloud Storage for Firebase is a serverless way to upload and download binary files straight from the browser. As of today, it’s officially…","{""link"":""https://miro.medium.com/v2/resize:fill:20:20/1*0Ljy2URRXlVZ897pRwRtZQ.jpeg"",""nombre"":""""}","Feb 2, 2018A clap icon2.3KA response icon5","{""likes"":0,""comentarios"":0}"
"Schematics — An Introduction","Schematics is a workflow tool for the modern web; it can apply transforms to your project, such as create a new component, or updating your…","{""link"":""https://miro.medium.com/v2/resize:fill:20:20/0*Lwm0vrKOqlvJT6vj.jpg"",""nombre"":""""}","Jan 31, 2018A clap icon4.8KA response icon43","{""likes"":0,""comentarios"":0}"
"Stable AngularJS and Long Term Support","AngularJS is planning one more significant release, version 1.7, and on July 1, 2018 it will enter a 3 year Long Term Support period.","{""link"":""https://miro.medium.com/v2/resize:fill:20:20/0*H02C2-oYlIgXX0aT."",""nombre"":""""}","Jan 26, 2018A clap icon4.7KA response icon33","{""likes"":0,""comentarios"":0}"
"A Component Dev Kit for Angular","Modern web development is all about components. Angular gives developers a way to define these discrete chunks of UI and then compose them…","{""link"":""https://miro.medium.com/v2/resize:fill:20:20/1*mGN3W66VNh_78HAvI0R5fw.png"",""nombre"":""""}","Jan 23, 2018A clap icon3.6KA response icon10","{""likes"":0,""comentarios"":0}"
"Angular 5.2 Now Available","Angular version 5.2.0 has been released. This is a minor release that is a drop-in replacement for 5.1 containing many bugfixes.","{""link"":""https://miro.medium.com/v2/resize:fill:20:20/1*y_L34o3bW0QELQm1KOFMTw.jpeg"",""nombre"":""""}","Jan 10, 2018A clap icon3.9KA response icon12","{""likes"":0,""comentarios"":0}"
"Angular Developer Survey 2018","We just launched a short survey! This survey is designed to give you an opportunity to share your experiences, successes, and challenges…","{""link"":""https://miro.medium.com/v2/resize:fill:20:20/1*y_L34o3bW0QELQm1KOFMTw.jpeg"",""nombre"":""""}","Jan 5, 2018A clap icon1KA response icon9","{""likes"":0,""comentarios"":0}"
"Angular 5.1 & More Now Available","We are pleased to announce version 5.1.0 of Angular. This is a minor release containing several smaller features and bugfixes. We are also…","{""link"":""https://miro.medium.com/v2/resize:fill:20:20/1*y_L34o3bW0QELQm1KOFMTw.jpeg"",""nombre"":""""}","Dec 6, 2017A clap icon8.3KA response icon26","{""likes"":0,""comentarios"":0}"
"Version 5.0.0 of Angular Now Available","We are pleased to announce version 5.0.0 of Angular, pentagonal-donut. This is a major release containing new features and bugfixes. This…","{""link"":""https://miro.medium.com/v2/resize:fill:20:20/1*y_L34o3bW0QELQm1KOFMTw.jpeg"",""nombre"":""""}","Nov 1, 2017A clap icon28KA response icon63","{""likes"":0,""comentarios"":0}"
"The Angular Team at AngularMix","Several members of the Angular Team were able to attend AngularMix last week. All of the conferences (including ng-conf and Angular…","{""link"":""https://miro.medium.com/v2/resize:fill:20:20/1*y_L34o3bW0QELQm1KOFMTw.jpeg"",""nombre"":""""}","Oct 16, 2017A clap icon2.1KA response icon5","{""likes"":0,""comentarios"":0}"
"Improved Querying and Offline Data with AngularFirestore","The Firebase team is launching a brand new a fully-managed NoSQL document database: Cloud Firestore, and we’re happy to announce full…","{""link"":""https://miro.medium.com/v2/resize:fill:20:20/1*0Ljy2URRXlVZ897pRwRtZQ.jpeg"",""nombre"":""""}","Oct 3, 2017A clap icon1.96KA response icon9","{""likes"":0,""comentarios"":0}"
"3 Tips for Angular Runtime Performance from the Real World","Co-authored by Andrew Wiens","{""link"":""https://miro.medium.com/v2/resize:fill:20:20/0*BY0U-PzLU7jVHl4G."",""nombre"":""""}","Oct 2, 2017A clap icon3.2KA response icon12","{""likes"":0,""comentarios"":0}"
"The Past, Present, and Future of the Angular CLI","The Angular CLI is a command-line interface for building Angular applications, and over the last year it has become one of the most…","{""link"":""https://miro.medium.com/v2/resize:fill:20:20/1*y_L34o3bW0QELQm1KOFMTw.jpeg"",""nombre"":""""}","Sep 20, 2017A clap icon4.6KA response icon28","{""likes"":0,""comentarios"":0}"
"Taking Advantage of the Angular Material Datepicker","The datepicker is one of the newest components in Angular Material (added in May 2017). Our goal in creating the Angular Material…","{""link"":""https://miro.medium.com/v2/resize:fill:20:20/1*WgvQqqTBK_oTlTkIo8tsRQ.jpeg"",""nombre"":""""}","Aug 11, 2017A clap icon1.2KA response icon14","{""likes"":0,""comentarios"":0}"
"The State of CSS in Angular","Styling applications is a critical part of delivering great experiences for users. Across the web we have Cascading Style Sheets (CSS) as a…","{""link"":""https://miro.medium.com/v2/resize:fill:20:20/1*y_L34o3bW0QELQm1KOFMTw.jpeg"",""nombre"":""""}","Aug 2, 2017A clap icon1.7KA response icon13","{""likes"":0,""comentarios"":0}"
"An Upgrade Path to Angular at Thomson Reuters","Stephen Fluin: This is a guest post from David Owen, who is a leader of front-end strategy at Thomson Reuters","{""link"":""https://miro.medium.com/v2/resize:fill:20:20/1*Ie4hAWrNxZs7N_wjBlqOEw.jpeg"",""nombre"":""""}","Jul 31, 2017A clap icon311A response icon3","{""likes"":0,""comentarios"":0}"
"Announcing NgRx 4","Rob Wormald: This is a guest post from Victor Savkin of the NgRx core team. NgRx is suite of libraries that empower Angular developers to…","{""link"":""https://miro.medium.com/v2/resize:fill:20:20/0*tt0Xl65GxVxKWWLM.png"",""nombre"":""""}","Jul 18, 2017A clap icon1KA response icon3","{""likes"":0,""comentarios"":0}"
"Angular 4.3 Now Available","Angular version 4.3 has been released. This is a minor release following our announced adoption of Semantic Versioning, meaning that it…","{""link"":""https://miro.medium.com/v2/resize:fill:20:20/1*y_L34o3bW0QELQm1KOFMTw.jpeg"",""nombre"":""""}","Jul 18, 2017A clap icon420A response icon10","{""likes"":0,""comentarios"":0}"